image_url1,image_url2
https://yzhouas.github.io/MHIP/All_box/33_Ours.png,https://yzhouas.github.io/MHIP/All_box/33_ProFill.png
https://yzhouas.github.io/MHIP/All_box/3_Ours.png,https://yzhouas.github.io/MHIP/All_box/3_DVI.png
https://yzhouas.github.io/MHIP/All_box/62_Ours.png,https://yzhouas.github.io/MHIP/All_box/62_OPN.png
https://yzhouas.github.io/MHIP/Check/3_HR.png,https://yzhouas.github.io/MHIP/Check/3_LR.png
https://yzhouas.github.io/MHIP/All_box/79_Ours.png,https://yzhouas.github.io/MHIP/All_box/79_APAP.png
https://yzhouas.github.io/MHIP/All_box/67_ProFill.png,https://yzhouas.github.io/MHIP/All_box/67_Ours.png
https://yzhouas.github.io/MHIP/All_box/72_Ours.png,https://yzhouas.github.io/MHIP/All_box/72_APAP.png
https://yzhouas.github.io/MHIP/All_box/6_Ours.png,https://yzhouas.github.io/MHIP/All_box/6_OPN.png
https://yzhouas.github.io/MHIP/All_box/78_OPN.png,https://yzhouas.github.io/MHIP/All_box/78_Ours.png
https://yzhouas.github.io/MHIP/All_box/26_Ours.png,https://yzhouas.github.io/MHIP/All_box/26_APAP.png
https://yzhouas.github.io/MHIP/All_box/27_ProFill.png,https://yzhouas.github.io/MHIP/All_box/27_Ours.png
https://yzhouas.github.io/MHIP/All_box/29_DVI.png,https://yzhouas.github.io/MHIP/All_box/29_Ours.png
https://yzhouas.github.io/MHIP/All_box/52_OPN.png,https://yzhouas.github.io/MHIP/All_box/52_Ours.png
https://yzhouas.github.io/MHIP/All_box/1_APAP.png,https://yzhouas.github.io/MHIP/All_box/1_Ours.png
https://yzhouas.github.io/MHIP/All_box/54_OPN.png,https://yzhouas.github.io/MHIP/All_box/54_Ours.png
https://yzhouas.github.io/MHIP/All_box/40_ProFill.png,https://yzhouas.github.io/MHIP/All_box/40_Ours.png
https://yzhouas.github.io/MHIP/All_box/7_APAP.png,https://yzhouas.github.io/MHIP/All_box/7_Ours.png
https://yzhouas.github.io/MHIP/All_box/34_Ours.png,https://yzhouas.github.io/MHIP/All_box/34_APAP.png
https://yzhouas.github.io/MHIP/All_box/42_APAP.png,https://yzhouas.github.io/MHIP/All_box/42_Ours.png
https://yzhouas.github.io/MHIP/All_box/37_Ours.png,https://yzhouas.github.io/MHIP/All_box/37_ProFill.png
https://yzhouas.github.io/MHIP/All_box/54_Ours.png,https://yzhouas.github.io/MHIP/All_box/54_ProFill.png
https://yzhouas.github.io/MHIP/All_box/58_ProFill.png,https://yzhouas.github.io/MHIP/All_box/58_Ours.png
https://yzhouas.github.io/MHIP/All_box/11_Ours.png,https://yzhouas.github.io/MHIP/All_box/11_DVI.png
https://yzhouas.github.io/MHIP/All_box/28_ProFill.png,https://yzhouas.github.io/MHIP/All_box/28_Ours.png
https://yzhouas.github.io/MHIP/All_box/53_DVI.png,https://yzhouas.github.io/MHIP/All_box/53_Ours.png
https://yzhouas.github.io/MHIP/All_box/64_Ours.png,https://yzhouas.github.io/MHIP/All_box/64_ProFill.png
https://yzhouas.github.io/MHIP/All_box/35_Ours.png,https://yzhouas.github.io/MHIP/All_box/35_ProFill.png
https://yzhouas.github.io/MHIP/All_box/69_ProFill.png,https://yzhouas.github.io/MHIP/All_box/69_Ours.png
https://yzhouas.github.io/MHIP/All_box/52_Ours.png,https://yzhouas.github.io/MHIP/All_box/52_APAP.png
https://yzhouas.github.io/MHIP/All_box/55_APAP.png,https://yzhouas.github.io/MHIP/All_box/55_Ours.png
https://yzhouas.github.io/MHIP/All_box/71_Ours.png,https://yzhouas.github.io/MHIP/All_box/71_OPN.png
https://yzhouas.github.io/MHIP/All_box/16_DVI.png,https://yzhouas.github.io/MHIP/All_box/16_Ours.png
https://yzhouas.github.io/MHIP/All_box/61_Ours.png,https://yzhouas.github.io/MHIP/All_box/61_OPN.png
https://yzhouas.github.io/MHIP/All_box/58_APAP.png,https://yzhouas.github.io/MHIP/All_box/58_Ours.png
https://yzhouas.github.io/MHIP/All_box/26_Ours.png,https://yzhouas.github.io/MHIP/All_box/26_DVI.png
https://yzhouas.github.io/MHIP/All_box/78_Ours.png,https://yzhouas.github.io/MHIP/All_box/78_ProFill.png
https://yzhouas.github.io/MHIP/All_box/40_Ours.png,https://yzhouas.github.io/MHIP/All_box/40_OPN.png
https://yzhouas.github.io/MHIP/All_box/55_ProFill.png,https://yzhouas.github.io/MHIP/All_box/55_Ours.png
https://yzhouas.github.io/MHIP/All_box/49_Ours.png,https://yzhouas.github.io/MHIP/All_box/49_OPN.png
https://yzhouas.github.io/MHIP/All_box/60_DVI.png,https://yzhouas.github.io/MHIP/All_box/60_Ours.png
https://yzhouas.github.io/MHIP/All_box/63_ProFill.png,https://yzhouas.github.io/MHIP/All_box/63_Ours.png
https://yzhouas.github.io/MHIP/All_box/73_Ours.png,https://yzhouas.github.io/MHIP/All_box/73_APAP.png
https://yzhouas.github.io/MHIP/All_box/26_ProFill.png,https://yzhouas.github.io/MHIP/All_box/26_Ours.png
https://yzhouas.github.io/MHIP/All_box/69_OPN.png,https://yzhouas.github.io/MHIP/All_box/69_Ours.png
https://yzhouas.github.io/MHIP/All_box/67_Ours.png,https://yzhouas.github.io/MHIP/All_box/67_OPN.png
https://yzhouas.github.io/MHIP/All_box/32_DVI.png,https://yzhouas.github.io/MHIP/All_box/32_Ours.png
https://yzhouas.github.io/MHIP/All_box/51_OPN.png,https://yzhouas.github.io/MHIP/All_box/51_Ours.png
https://yzhouas.github.io/MHIP/All_box/44_Ours.png,https://yzhouas.github.io/MHIP/All_box/44_APAP.png
https://yzhouas.github.io/MHIP/All_box/48_ProFill.png,https://yzhouas.github.io/MHIP/All_box/48_Ours.png
https://yzhouas.github.io/MHIP/All_box/33_APAP.png,https://yzhouas.github.io/MHIP/All_box/33_Ours.png
https://yzhouas.github.io/MHIP/All_box/50_Ours.png,https://yzhouas.github.io/MHIP/All_box/50_ProFill.png
https://yzhouas.github.io/MHIP/All_box/36_DVI.png,https://yzhouas.github.io/MHIP/All_box/36_Ours.png
https://yzhouas.github.io/MHIP/All_box/49_ProFill.png,https://yzhouas.github.io/MHIP/All_box/49_Ours.png
https://yzhouas.github.io/MHIP/All_box/2_APAP.png,https://yzhouas.github.io/MHIP/All_box/2_Ours.png
https://yzhouas.github.io/MHIP/All_box/71_Ours.png,https://yzhouas.github.io/MHIP/All_box/71_APAP.png
https://yzhouas.github.io/MHIP/All_box/65_Ours.png,https://yzhouas.github.io/MHIP/All_box/65_OPN.png
https://yzhouas.github.io/MHIP/All_box/60_ProFill.png,https://yzhouas.github.io/MHIP/All_box/60_Ours.png
https://yzhouas.github.io/MHIP/All_box/55_Ours.png,https://yzhouas.github.io/MHIP/All_box/55_OPN.png
https://yzhouas.github.io/MHIP/All_box/3_ProFill.png,https://yzhouas.github.io/MHIP/All_box/3_Ours.png
https://yzhouas.github.io/MHIP/All_box/79_Ours.png,https://yzhouas.github.io/MHIP/All_box/79_DVI.png
https://yzhouas.github.io/MHIP/All_box/65_Ours.png,https://yzhouas.github.io/MHIP/All_box/65_DVI.png
https://yzhouas.github.io/MHIP/All_box/31_ProFill.png,https://yzhouas.github.io/MHIP/All_box/31_Ours.png
https://yzhouas.github.io/MHIP/All_box/75_Ours.png,https://yzhouas.github.io/MHIP/All_box/75_APAP.png
https://yzhouas.github.io/MHIP/All_box/15_APAP.png,https://yzhouas.github.io/MHIP/All_box/15_Ours.png
https://yzhouas.github.io/MHIP/All_box/19_APAP.png,https://yzhouas.github.io/MHIP/All_box/19_Ours.png
https://yzhouas.github.io/MHIP/All_box/10_OPN.png,https://yzhouas.github.io/MHIP/All_box/10_Ours.png
https://yzhouas.github.io/MHIP/All_box/5_DVI.png,https://yzhouas.github.io/MHIP/All_box/5_Ours.png
https://yzhouas.github.io/MHIP/All_box/38_Ours.png,https://yzhouas.github.io/MHIP/All_box/38_APAP.png
https://yzhouas.github.io/MHIP/All_box/67_APAP.png,https://yzhouas.github.io/MHIP/All_box/67_Ours.png
https://yzhouas.github.io/MHIP/All_box/17_APAP.png,https://yzhouas.github.io/MHIP/All_box/17_Ours.png
https://yzhouas.github.io/MHIP/All_box/50_OPN.png,https://yzhouas.github.io/MHIP/All_box/50_Ours.png
https://yzhouas.github.io/MHIP/All_box/14_Ours.png,https://yzhouas.github.io/MHIP/All_box/14_DVI.png
https://yzhouas.github.io/MHIP/All_box/21_Ours.png,https://yzhouas.github.io/MHIP/All_box/21_ProFill.png
https://yzhouas.github.io/MHIP/All_box/73_Ours.png,https://yzhouas.github.io/MHIP/All_box/73_DVI.png
https://yzhouas.github.io/MHIP/All_box/47_OPN.png,https://yzhouas.github.io/MHIP/All_box/47_Ours.png
https://yzhouas.github.io/MHIP/All_box/42_ProFill.png,https://yzhouas.github.io/MHIP/All_box/42_Ours.png
https://yzhouas.github.io/MHIP/All_box/20_Ours.png,https://yzhouas.github.io/MHIP/All_box/20_APAP.png
https://yzhouas.github.io/MHIP/All_box/62_Ours.png,https://yzhouas.github.io/MHIP/All_box/62_DVI.png
https://yzhouas.github.io/MHIP/All_box/35_DVI.png,https://yzhouas.github.io/MHIP/All_box/35_Ours.png
https://yzhouas.github.io/MHIP/All_box/35_OPN.png,https://yzhouas.github.io/MHIP/All_box/35_Ours.png
https://yzhouas.github.io/MHIP/All_box/59_Ours.png,https://yzhouas.github.io/MHIP/All_box/59_APAP.png
https://yzhouas.github.io/MHIP/All_box/65_ProFill.png,https://yzhouas.github.io/MHIP/All_box/65_Ours.png
https://yzhouas.github.io/MHIP/All_box/60_Ours.png,https://yzhouas.github.io/MHIP/All_box/60_OPN.png
https://yzhouas.github.io/MHIP/All_box/41_DVI.png,https://yzhouas.github.io/MHIP/All_box/41_Ours.png
https://yzhouas.github.io/MHIP/All_box/8_Ours.png,https://yzhouas.github.io/MHIP/All_box/8_APAP.png
https://yzhouas.github.io/MHIP/All_box/70_Ours.png,https://yzhouas.github.io/MHIP/All_box/70_APAP.png
https://yzhouas.github.io/MHIP/All_box/33_Ours.png,https://yzhouas.github.io/MHIP/All_box/33_DVI.png
https://yzhouas.github.io/MHIP/All_box/11_OPN.png,https://yzhouas.github.io/MHIP/All_box/11_Ours.png
https://yzhouas.github.io/MHIP/All_box/13_ProFill.png,https://yzhouas.github.io/MHIP/All_box/13_Ours.png
https://yzhouas.github.io/MHIP/All_box/2_Ours.png,https://yzhouas.github.io/MHIP/All_box/2_DVI.png
https://yzhouas.github.io/MHIP/All_box/57_DVI.png,https://yzhouas.github.io/MHIP/All_box/57_Ours.png
https://yzhouas.github.io/MHIP/All_box/2_Ours.png,https://yzhouas.github.io/MHIP/All_box/2_ProFill.png
https://yzhouas.github.io/MHIP/All_box/1_Ours.png,https://yzhouas.github.io/MHIP/All_box/1_DVI.png
https://yzhouas.github.io/MHIP/All_box/73_Ours.png,https://yzhouas.github.io/MHIP/All_box/73_OPN.png
https://yzhouas.github.io/MHIP/All_box/74_Ours.png,https://yzhouas.github.io/MHIP/All_box/74_OPN.png
https://yzhouas.github.io/MHIP/All_box/23_Ours.png,https://yzhouas.github.io/MHIP/All_box/23_OPN.png
https://yzhouas.github.io/MHIP/All_box/46_Ours.png,https://yzhouas.github.io/MHIP/All_box/46_OPN.png
https://yzhouas.github.io/MHIP/All_box/66_ProFill.png,https://yzhouas.github.io/MHIP/All_box/66_Ours.png
https://yzhouas.github.io/MHIP/All_box/21_APAP.png,https://yzhouas.github.io/MHIP/All_box/21_Ours.png
https://yzhouas.github.io/MHIP/All_box/25_APAP.png,https://yzhouas.github.io/MHIP/All_box/25_Ours.png
https://yzhouas.github.io/MHIP/All_box/48_Ours.png,https://yzhouas.github.io/MHIP/All_box/48_APAP.png
https://yzhouas.github.io/MHIP/All_box/4_ProFill.png,https://yzhouas.github.io/MHIP/All_box/4_Ours.png
https://yzhouas.github.io/MHIP/All_box/48_OPN.png,https://yzhouas.github.io/MHIP/All_box/48_Ours.png
https://yzhouas.github.io/MHIP/Check/5_HR.png,https://yzhouas.github.io/MHIP/Check/5_LR.png
https://yzhouas.github.io/MHIP/All_box/63_APAP.png,https://yzhouas.github.io/MHIP/All_box/63_Ours.png
https://yzhouas.github.io/MHIP/All_box/9_Ours.png,https://yzhouas.github.io/MHIP/All_box/9_DVI.png
https://yzhouas.github.io/MHIP/All_box/7_Ours.png,https://yzhouas.github.io/MHIP/All_box/7_DVI.png
https://yzhouas.github.io/MHIP/All_box/61_Ours.png,https://yzhouas.github.io/MHIP/All_box/61_APAP.png
https://yzhouas.github.io/MHIP/All_box/6_DVI.png,https://yzhouas.github.io/MHIP/All_box/6_Ours.png
https://yzhouas.github.io/MHIP/All_box/80_OPN.png,https://yzhouas.github.io/MHIP/All_box/80_Ours.png
https://yzhouas.github.io/MHIP/All_box/43_Ours.png,https://yzhouas.github.io/MHIP/All_box/43_OPN.png
https://yzhouas.github.io/MHIP/All_box/12_DVI.png,https://yzhouas.github.io/MHIP/All_box/12_Ours.png
https://yzhouas.github.io/MHIP/All_box/43_DVI.png,https://yzhouas.github.io/MHIP/All_box/43_Ours.png
https://yzhouas.github.io/MHIP/All_box/62_ProFill.png,https://yzhouas.github.io/MHIP/All_box/62_Ours.png
https://yzhouas.github.io/MHIP/All_box/79_OPN.png,https://yzhouas.github.io/MHIP/All_box/79_Ours.png
https://yzhouas.github.io/MHIP/All_box/66_OPN.png,https://yzhouas.github.io/MHIP/All_box/66_Ours.png
https://yzhouas.github.io/MHIP/All_box/70_Ours.png,https://yzhouas.github.io/MHIP/All_box/70_OPN.png
https://yzhouas.github.io/MHIP/All_box/32_Ours.png,https://yzhouas.github.io/MHIP/All_box/32_APAP.png
https://yzhouas.github.io/MHIP/All_box/52_Ours.png,https://yzhouas.github.io/MHIP/All_box/52_DVI.png
https://yzhouas.github.io/MHIP/All_box/77_ProFill.png,https://yzhouas.github.io/MHIP/All_box/77_Ours.png
https://yzhouas.github.io/MHIP/All_box/72_OPN.png,https://yzhouas.github.io/MHIP/All_box/72_Ours.png
https://yzhouas.github.io/MHIP/All_box/53_APAP.png,https://yzhouas.github.io/MHIP/All_box/53_Ours.png
https://yzhouas.github.io/MHIP/All_box/69_APAP.png,https://yzhouas.github.io/MHIP/All_box/69_Ours.png
https://yzhouas.github.io/MHIP/All_box/8_DVI.png,https://yzhouas.github.io/MHIP/All_box/8_Ours.png
https://yzhouas.github.io/MHIP/All_box/47_APAP.png,https://yzhouas.github.io/MHIP/All_box/47_Ours.png
https://yzhouas.github.io/MHIP/All_box/34_OPN.png,https://yzhouas.github.io/MHIP/All_box/34_Ours.png
https://yzhouas.github.io/MHIP/All_box/27_DVI.png,https://yzhouas.github.io/MHIP/All_box/27_Ours.png
https://yzhouas.github.io/MHIP/All_box/51_Ours.png,https://yzhouas.github.io/MHIP/All_box/51_ProFill.png
https://yzhouas.github.io/MHIP/All_box/34_Ours.png,https://yzhouas.github.io/MHIP/All_box/34_DVI.png
https://yzhouas.github.io/MHIP/Check/1_LR.png,https://yzhouas.github.io/MHIP/Check/1_HR.png
https://yzhouas.github.io/MHIP/All_box/32_OPN.png,https://yzhouas.github.io/MHIP/All_box/32_Ours.png
https://yzhouas.github.io/MHIP/All_box/29_Ours.png,https://yzhouas.github.io/MHIP/All_box/29_ProFill.png
https://yzhouas.github.io/MHIP/All_box/30_OPN.png,https://yzhouas.github.io/MHIP/All_box/30_Ours.png
https://yzhouas.github.io/MHIP/All_box/74_Ours.png,https://yzhouas.github.io/MHIP/All_box/74_DVI.png
https://yzhouas.github.io/MHIP/All_box/65_APAP.png,https://yzhouas.github.io/MHIP/All_box/65_Ours.png
https://yzhouas.github.io/MHIP/All_box/20_Ours.png,https://yzhouas.github.io/MHIP/All_box/20_OPN.png
https://yzhouas.github.io/MHIP/All_box/41_Ours.png,https://yzhouas.github.io/MHIP/All_box/41_OPN.png
https://yzhouas.github.io/MHIP/Check/4_LR.png,https://yzhouas.github.io/MHIP/Check/4_HR.png
https://yzhouas.github.io/MHIP/All_box/64_OPN.png,https://yzhouas.github.io/MHIP/All_box/64_Ours.png
https://yzhouas.github.io/MHIP/All_box/13_APAP.png,https://yzhouas.github.io/MHIP/All_box/13_Ours.png
https://yzhouas.github.io/MHIP/Check/9_LR.png,https://yzhouas.github.io/MHIP/Check/9_HR.png
https://yzhouas.github.io/MHIP/All_box/3_OPN.png,https://yzhouas.github.io/MHIP/All_box/3_Ours.png
https://yzhouas.github.io/MHIP/All_box/45_APAP.png,https://yzhouas.github.io/MHIP/All_box/45_Ours.png
https://yzhouas.github.io/MHIP/All_box/19_ProFill.png,https://yzhouas.github.io/MHIP/All_box/19_Ours.png
https://yzhouas.github.io/MHIP/All_box/28_Ours.png,https://yzhouas.github.io/MHIP/All_box/28_OPN.png
https://yzhouas.github.io/MHIP/All_box/3_APAP.png,https://yzhouas.github.io/MHIP/All_box/3_Ours.png
https://yzhouas.github.io/MHIP/All_box/22_Ours.png,https://yzhouas.github.io/MHIP/All_box/22_DVI.png
https://yzhouas.github.io/MHIP/All_box/7_Ours.png,https://yzhouas.github.io/MHIP/All_box/7_ProFill.png
https://yzhouas.github.io/MHIP/All_box/35_APAP.png,https://yzhouas.github.io/MHIP/All_box/35_Ours.png
https://yzhouas.github.io/MHIP/All_box/45_Ours.png,https://yzhouas.github.io/MHIP/All_box/45_OPN.png
https://yzhouas.github.io/MHIP/All_box/30_ProFill.png,https://yzhouas.github.io/MHIP/All_box/30_Ours.png
https://yzhouas.github.io/MHIP/All_box/8_Ours.png,https://yzhouas.github.io/MHIP/All_box/8_ProFill.png
https://yzhouas.github.io/MHIP/All_box/16_OPN.png,https://yzhouas.github.io/MHIP/All_box/16_Ours.png
https://yzhouas.github.io/MHIP/All_box/51_Ours.png,https://yzhouas.github.io/MHIP/All_box/51_APAP.png
https://yzhouas.github.io/MHIP/All_box/77_APAP.png,https://yzhouas.github.io/MHIP/All_box/77_Ours.png
https://yzhouas.github.io/MHIP/All_box/17_ProFill.png,https://yzhouas.github.io/MHIP/All_box/17_Ours.png
https://yzhouas.github.io/MHIP/All_box/76_ProFill.png,https://yzhouas.github.io/MHIP/All_box/76_Ours.png
https://yzhouas.github.io/MHIP/All_box/54_DVI.png,https://yzhouas.github.io/MHIP/All_box/54_Ours.png
https://yzhouas.github.io/MHIP/All_box/10_Ours.png,https://yzhouas.github.io/MHIP/All_box/10_ProFill.png
https://yzhouas.github.io/MHIP/All_box/25_DVI.png,https://yzhouas.github.io/MHIP/All_box/25_Ours.png
https://yzhouas.github.io/MHIP/All_box/39_OPN.png,https://yzhouas.github.io/MHIP/All_box/39_Ours.png
https://yzhouas.github.io/MHIP/All_box/6_ProFill.png,https://yzhouas.github.io/MHIP/All_box/6_Ours.png
https://yzhouas.github.io/MHIP/All_box/70_ProFill.png,https://yzhouas.github.io/MHIP/All_box/70_Ours.png
https://yzhouas.github.io/MHIP/All_box/30_Ours.png,https://yzhouas.github.io/MHIP/All_box/30_DVI.png
https://yzhouas.github.io/MHIP/All_box/36_Ours.png,https://yzhouas.github.io/MHIP/All_box/36_OPN.png
https://yzhouas.github.io/MHIP/All_box/43_Ours.png,https://yzhouas.github.io/MHIP/All_box/43_ProFill.png
https://yzhouas.github.io/MHIP/All_box/28_DVI.png,https://yzhouas.github.io/MHIP/All_box/28_Ours.png
https://yzhouas.github.io/MHIP/All_box/33_OPN.png,https://yzhouas.github.io/MHIP/All_box/33_Ours.png
https://yzhouas.github.io/MHIP/All_box/37_Ours.png,https://yzhouas.github.io/MHIP/All_box/37_APAP.png
https://yzhouas.github.io/MHIP/All_box/1_Ours.png,https://yzhouas.github.io/MHIP/All_box/1_ProFill.png
https://yzhouas.github.io/MHIP/All_box/36_APAP.png,https://yzhouas.github.io/MHIP/All_box/36_Ours.png
https://yzhouas.github.io/MHIP/All_box/80_Ours.png,https://yzhouas.github.io/MHIP/All_box/80_DVI.png
https://yzhouas.github.io/MHIP/All_box/47_ProFill.png,https://yzhouas.github.io/MHIP/All_box/47_Ours.png
https://yzhouas.github.io/MHIP/All_box/21_Ours.png,https://yzhouas.github.io/MHIP/All_box/21_OPN.png
https://yzhouas.github.io/MHIP/All_box/7_OPN.png,https://yzhouas.github.io/MHIP/All_box/7_Ours.png
https://yzhouas.github.io/MHIP/All_box/77_DVI.png,https://yzhouas.github.io/MHIP/All_box/77_Ours.png
https://yzhouas.github.io/MHIP/All_box/18_ProFill.png,https://yzhouas.github.io/MHIP/All_box/18_Ours.png
https://yzhouas.github.io/MHIP/All_box/40_Ours.png,https://yzhouas.github.io/MHIP/All_box/40_APAP.png
https://yzhouas.github.io/MHIP/Check/2_HR.png,https://yzhouas.github.io/MHIP/Check/2_LR.png
https://yzhouas.github.io/MHIP/All_box/4_OPN.png,https://yzhouas.github.io/MHIP/All_box/4_Ours.png
https://yzhouas.github.io/MHIP/All_box/11_Ours.png,https://yzhouas.github.io/MHIP/All_box/11_ProFill.png
https://yzhouas.github.io/MHIP/All_box/57_ProFill.png,https://yzhouas.github.io/MHIP/All_box/57_Ours.png
https://yzhouas.github.io/MHIP/All_box/62_APAP.png,https://yzhouas.github.io/MHIP/All_box/62_Ours.png
https://yzhouas.github.io/MHIP/All_box/5_Ours.png,https://yzhouas.github.io/MHIP/All_box/5_OPN.png
https://yzhouas.github.io/MHIP/All_box/46_Ours.png,https://yzhouas.github.io/MHIP/All_box/46_APAP.png
https://yzhouas.github.io/MHIP/All_box/38_DVI.png,https://yzhouas.github.io/MHIP/All_box/38_Ours.png
https://yzhouas.github.io/MHIP/All_box/11_APAP.png,https://yzhouas.github.io/MHIP/All_box/11_Ours.png
https://yzhouas.github.io/MHIP/All_box/15_DVI.png,https://yzhouas.github.io/MHIP/All_box/15_Ours.png
https://yzhouas.github.io/MHIP/All_box/24_Ours.png,https://yzhouas.github.io/MHIP/All_box/24_ProFill.png
https://yzhouas.github.io/MHIP/All_box/60_APAP.png,https://yzhouas.github.io/MHIP/All_box/60_Ours.png
https://yzhouas.github.io/MHIP/All_box/27_OPN.png,https://yzhouas.github.io/MHIP/All_box/27_Ours.png
https://yzhouas.github.io/MHIP/All_box/22_Ours.png,https://yzhouas.github.io/MHIP/All_box/22_ProFill.png
https://yzhouas.github.io/MHIP/All_box/66_DVI.png,https://yzhouas.github.io/MHIP/All_box/66_Ours.png
https://yzhouas.github.io/MHIP/All_box/29_OPN.png,https://yzhouas.github.io/MHIP/All_box/29_Ours.png
https://yzhouas.github.io/MHIP/Check/7_LR.png,https://yzhouas.github.io/MHIP/Check/7_HR.png
https://yzhouas.github.io/MHIP/All_box/57_Ours.png,https://yzhouas.github.io/MHIP/All_box/57_APAP.png
https://yzhouas.github.io/MHIP/All_box/31_APAP.png,https://yzhouas.github.io/MHIP/All_box/31_Ours.png
https://yzhouas.github.io/MHIP/All_box/28_Ours.png,https://yzhouas.github.io/MHIP/All_box/28_APAP.png
https://yzhouas.github.io/MHIP/All_box/79_Ours.png,https://yzhouas.github.io/MHIP/All_box/79_ProFill.png
https://yzhouas.github.io/MHIP/All_box/76_OPN.png,https://yzhouas.github.io/MHIP/All_box/76_Ours.png
https://yzhouas.github.io/MHIP/All_box/37_Ours.png,https://yzhouas.github.io/MHIP/All_box/37_OPN.png
https://yzhouas.github.io/MHIP/All_box/72_Ours.png,https://yzhouas.github.io/MHIP/All_box/72_ProFill.png
https://yzhouas.github.io/MHIP/All_box/18_Ours.png,https://yzhouas.github.io/MHIP/All_box/18_OPN.png
https://yzhouas.github.io/MHIP/All_box/13_Ours.png,https://yzhouas.github.io/MHIP/All_box/13_DVI.png
https://yzhouas.github.io/MHIP/All_box/29_Ours.png,https://yzhouas.github.io/MHIP/All_box/29_APAP.png
https://yzhouas.github.io/MHIP/All_box/63_DVI.png,https://yzhouas.github.io/MHIP/All_box/63_Ours.png
https://yzhouas.github.io/MHIP/All_box/80_APAP.png,https://yzhouas.github.io/MHIP/All_box/80_Ours.png
https://yzhouas.github.io/MHIP/All_box/6_Ours.png,https://yzhouas.github.io/MHIP/All_box/6_APAP.png
https://yzhouas.github.io/MHIP/All_box/44_Ours.png,https://yzhouas.github.io/MHIP/All_box/44_OPN.png
https://yzhouas.github.io/MHIP/All_box/14_Ours.png,https://yzhouas.github.io/MHIP/All_box/14_ProFill.png
https://yzhouas.github.io/MHIP/All_box/68_OPN.png,https://yzhouas.github.io/MHIP/All_box/68_Ours.png
https://yzhouas.github.io/MHIP/All_box/56_Ours.png,https://yzhouas.github.io/MHIP/All_box/56_APAP.png
https://yzhouas.github.io/MHIP/All_box/23_Ours.png,https://yzhouas.github.io/MHIP/All_box/23_DVI.png
https://yzhouas.github.io/MHIP/All_box/41_Ours.png,https://yzhouas.github.io/MHIP/All_box/41_APAP.png
https://yzhouas.github.io/MHIP/All_box/8_Ours.png,https://yzhouas.github.io/MHIP/All_box/8_OPN.png
https://yzhouas.github.io/MHIP/All_box/17_Ours.png,https://yzhouas.github.io/MHIP/All_box/17_OPN.png
https://yzhouas.github.io/MHIP/All_box/44_DVI.png,https://yzhouas.github.io/MHIP/All_box/44_Ours.png
https://yzhouas.github.io/MHIP/All_box/40_Ours.png,https://yzhouas.github.io/MHIP/All_box/40_DVI.png
https://yzhouas.github.io/MHIP/All_box/19_Ours.png,https://yzhouas.github.io/MHIP/All_box/19_DVI.png
https://yzhouas.github.io/MHIP/All_box/9_Ours.png,https://yzhouas.github.io/MHIP/All_box/9_APAP.png
https://yzhouas.github.io/MHIP/All_box/24_Ours.png,https://yzhouas.github.io/MHIP/All_box/24_OPN.png
https://yzhouas.github.io/MHIP/All_box/37_DVI.png,https://yzhouas.github.io/MHIP/All_box/37_Ours.png
https://yzhouas.github.io/MHIP/All_box/74_ProFill.png,https://yzhouas.github.io/MHIP/All_box/74_Ours.png
https://yzhouas.github.io/MHIP/All_box/15_ProFill.png,https://yzhouas.github.io/MHIP/All_box/15_Ours.png
https://yzhouas.github.io/MHIP/All_box/44_ProFill.png,https://yzhouas.github.io/MHIP/All_box/44_Ours.png
https://yzhouas.github.io/MHIP/All_box/2_Ours.png,https://yzhouas.github.io/MHIP/All_box/2_OPN.png
https://yzhouas.github.io/MHIP/All_box/58_Ours.png,https://yzhouas.github.io/MHIP/All_box/58_DVI.png
https://yzhouas.github.io/MHIP/All_box/34_Ours.png,https://yzhouas.github.io/MHIP/All_box/34_ProFill.png
https://yzhouas.github.io/MHIP/All_box/49_APAP.png,https://yzhouas.github.io/MHIP/All_box/49_Ours.png
https://yzhouas.github.io/MHIP/All_box/78_APAP.png,https://yzhouas.github.io/MHIP/All_box/78_Ours.png
https://yzhouas.github.io/MHIP/All_box/53_Ours.png,https://yzhouas.github.io/MHIP/All_box/53_ProFill.png
https://yzhouas.github.io/MHIP/All_box/56_DVI.png,https://yzhouas.github.io/MHIP/All_box/56_Ours.png
https://yzhouas.github.io/MHIP/All_box/27_Ours.png,https://yzhouas.github.io/MHIP/All_box/27_APAP.png
https://yzhouas.github.io/MHIP/All_box/78_Ours.png,https://yzhouas.github.io/MHIP/All_box/78_DVI.png
https://yzhouas.github.io/MHIP/All_box/55_Ours.png,https://yzhouas.github.io/MHIP/All_box/55_DVI.png
https://yzhouas.github.io/MHIP/All_box/15_OPN.png,https://yzhouas.github.io/MHIP/All_box/15_Ours.png
https://yzhouas.github.io/MHIP/All_box/46_DVI.png,https://yzhouas.github.io/MHIP/All_box/46_Ours.png
https://yzhouas.github.io/MHIP/All_box/71_Ours.png,https://yzhouas.github.io/MHIP/All_box/71_DVI.png
https://yzhouas.github.io/MHIP/All_box/52_ProFill.png,https://yzhouas.github.io/MHIP/All_box/52_Ours.png
https://yzhouas.github.io/MHIP/All_box/39_Ours.png,https://yzhouas.github.io/MHIP/All_box/39_DVI.png
https://yzhouas.github.io/MHIP/All_box/22_Ours.png,https://yzhouas.github.io/MHIP/All_box/22_APAP.png
https://yzhouas.github.io/MHIP/All_box/66_APAP.png,https://yzhouas.github.io/MHIP/All_box/66_Ours.png
https://yzhouas.github.io/MHIP/All_box/46_Ours.png,https://yzhouas.github.io/MHIP/All_box/46_ProFill.png
https://yzhouas.github.io/MHIP/All_box/69_DVI.png,https://yzhouas.github.io/MHIP/All_box/69_Ours.png
https://yzhouas.github.io/MHIP/All_box/61_ProFill.png,https://yzhouas.github.io/MHIP/All_box/61_Ours.png
https://yzhouas.github.io/MHIP/All_box/24_DVI.png,https://yzhouas.github.io/MHIP/All_box/24_Ours.png
https://yzhouas.github.io/MHIP/All_box/59_ProFill.png,https://yzhouas.github.io/MHIP/All_box/59_Ours.png
https://yzhouas.github.io/MHIP/All_box/76_APAP.png,https://yzhouas.github.io/MHIP/All_box/76_Ours.png
https://yzhouas.github.io/MHIP/All_box/18_DVI.png,https://yzhouas.github.io/MHIP/All_box/18_Ours.png
https://yzhouas.github.io/MHIP/All_box/39_APAP.png,https://yzhouas.github.io/MHIP/All_box/39_Ours.png
https://yzhouas.github.io/MHIP/All_box/4_APAP.png,https://yzhouas.github.io/MHIP/All_box/4_Ours.png
https://yzhouas.github.io/MHIP/All_box/14_OPN.png,https://yzhouas.github.io/MHIP/All_box/14_Ours.png
https://yzhouas.github.io/MHIP/All_box/54_APAP.png,https://yzhouas.github.io/MHIP/All_box/54_Ours.png
https://yzhouas.github.io/MHIP/All_box/39_Ours.png,https://yzhouas.github.io/MHIP/All_box/39_ProFill.png
https://yzhouas.github.io/MHIP/All_box/23_Ours.png,https://yzhouas.github.io/MHIP/All_box/23_APAP.png
https://yzhouas.github.io/MHIP/All_box/72_DVI.png,https://yzhouas.github.io/MHIP/All_box/72_Ours.png
https://yzhouas.github.io/MHIP/All_box/21_Ours.png,https://yzhouas.github.io/MHIP/All_box/21_DVI.png
https://yzhouas.github.io/MHIP/All_box/12_OPN.png,https://yzhouas.github.io/MHIP/All_box/12_Ours.png
https://yzhouas.github.io/MHIP/Check/6_LR.png,https://yzhouas.github.io/MHIP/Check/6_HR.png
https://yzhouas.github.io/MHIP/All_box/25_ProFill.png,https://yzhouas.github.io/MHIP/All_box/25_Ours.png
https://yzhouas.github.io/MHIP/All_box/80_Ours.png,https://yzhouas.github.io/MHIP/All_box/80_ProFill.png
https://yzhouas.github.io/MHIP/Check/10_HR.png,https://yzhouas.github.io/MHIP/Check/10_LR.png
https://yzhouas.github.io/MHIP/All_box/75_Ours.png,https://yzhouas.github.io/MHIP/All_box/75_OPN.png
https://yzhouas.github.io/MHIP/All_box/61_DVI.png,https://yzhouas.github.io/MHIP/All_box/61_Ours.png
https://yzhouas.github.io/MHIP/All_box/64_Ours.png,https://yzhouas.github.io/MHIP/All_box/64_APAP.png
https://yzhouas.github.io/MHIP/All_box/41_ProFill.png,https://yzhouas.github.io/MHIP/All_box/41_Ours.png
https://yzhouas.github.io/MHIP/All_box/59_OPN.png,https://yzhouas.github.io/MHIP/All_box/59_Ours.png
https://yzhouas.github.io/MHIP/All_box/12_ProFill.png,https://yzhouas.github.io/MHIP/All_box/12_Ours.png
https://yzhouas.github.io/MHIP/All_box/75_Ours.png,https://yzhouas.github.io/MHIP/All_box/75_DVI.png
https://yzhouas.github.io/MHIP/All_box/4_Ours.png,https://yzhouas.github.io/MHIP/All_box/4_DVI.png
https://yzhouas.github.io/MHIP/All_box/77_OPN.png,https://yzhouas.github.io/MHIP/All_box/77_Ours.png
https://yzhouas.github.io/MHIP/All_box/47_DVI.png,https://yzhouas.github.io/MHIP/All_box/47_Ours.png
https://yzhouas.github.io/MHIP/All_box/49_DVI.png,https://yzhouas.github.io/MHIP/All_box/49_Ours.png
https://yzhouas.github.io/MHIP/All_box/18_APAP.png,https://yzhouas.github.io/MHIP/All_box/18_Ours.png
https://yzhouas.github.io/MHIP/All_box/20_Ours.png,https://yzhouas.github.io/MHIP/All_box/20_DVI.png
https://yzhouas.github.io/MHIP/All_box/38_Ours.png,https://yzhouas.github.io/MHIP/All_box/38_ProFill.png
https://yzhouas.github.io/MHIP/All_box/73_Ours.png,https://yzhouas.github.io/MHIP/All_box/73_ProFill.png
https://yzhouas.github.io/MHIP/All_box/5_Ours.png,https://yzhouas.github.io/MHIP/All_box/5_ProFill.png
https://yzhouas.github.io/MHIP/All_box/75_Ours.png,https://yzhouas.github.io/MHIP/All_box/75_ProFill.png
https://yzhouas.github.io/MHIP/All_box/16_Ours.png,https://yzhouas.github.io/MHIP/All_box/16_ProFill.png
https://yzhouas.github.io/MHIP/All_box/56_OPN.png,https://yzhouas.github.io/MHIP/All_box/56_Ours.png
https://yzhouas.github.io/MHIP/All_box/43_APAP.png,https://yzhouas.github.io/MHIP/All_box/43_Ours.png
https://yzhouas.github.io/MHIP/All_box/22_OPN.png,https://yzhouas.github.io/MHIP/All_box/22_Ours.png
https://yzhouas.github.io/MHIP/All_box/14_APAP.png,https://yzhouas.github.io/MHIP/All_box/14_Ours.png
https://yzhouas.github.io/MHIP/All_box/68_Ours.png,https://yzhouas.github.io/MHIP/All_box/68_DVI.png
https://yzhouas.github.io/MHIP/All_box/23_Ours.png,https://yzhouas.github.io/MHIP/All_box/23_ProFill.png
https://yzhouas.github.io/MHIP/All_box/45_DVI.png,https://yzhouas.github.io/MHIP/All_box/45_Ours.png
https://yzhouas.github.io/MHIP/All_box/57_OPN.png,https://yzhouas.github.io/MHIP/All_box/57_Ours.png
https://yzhouas.github.io/MHIP/All_box/26_OPN.png,https://yzhouas.github.io/MHIP/All_box/26_Ours.png
https://yzhouas.github.io/MHIP/All_box/10_Ours.png,https://yzhouas.github.io/MHIP/All_box/10_DVI.png
https://yzhouas.github.io/MHIP/All_box/63_Ours.png,https://yzhouas.github.io/MHIP/All_box/63_OPN.png
https://yzhouas.github.io/MHIP/All_box/74_Ours.png,https://yzhouas.github.io/MHIP/All_box/74_APAP.png
https://yzhouas.github.io/MHIP/All_box/30_APAP.png,https://yzhouas.github.io/MHIP/All_box/30_Ours.png
https://yzhouas.github.io/MHIP/All_box/5_APAP.png,https://yzhouas.github.io/MHIP/All_box/5_Ours.png
https://yzhouas.github.io/MHIP/All_box/20_Ours.png,https://yzhouas.github.io/MHIP/All_box/20_ProFill.png
https://yzhouas.github.io/MHIP/All_box/71_Ours.png,https://yzhouas.github.io/MHIP/All_box/71_ProFill.png
https://yzhouas.github.io/MHIP/All_box/67_Ours.png,https://yzhouas.github.io/MHIP/All_box/67_DVI.png
https://yzhouas.github.io/MHIP/All_box/25_OPN.png,https://yzhouas.github.io/MHIP/All_box/25_Ours.png
https://yzhouas.github.io/MHIP/All_box/31_OPN.png,https://yzhouas.github.io/MHIP/All_box/31_Ours.png
https://yzhouas.github.io/MHIP/All_box/17_Ours.png,https://yzhouas.github.io/MHIP/All_box/17_DVI.png
https://yzhouas.github.io/MHIP/All_box/64_DVI.png,https://yzhouas.github.io/MHIP/All_box/64_Ours.png
https://yzhouas.github.io/MHIP/All_box/9_ProFill.png,https://yzhouas.github.io/MHIP/All_box/9_Ours.png
https://yzhouas.github.io/MHIP/All_box/58_Ours.png,https://yzhouas.github.io/MHIP/All_box/58_OPN.png
https://yzhouas.github.io/MHIP/All_box/24_APAP.png,https://yzhouas.github.io/MHIP/All_box/24_Ours.png
https://yzhouas.github.io/MHIP/All_box/42_Ours.png,https://yzhouas.github.io/MHIP/All_box/42_OPN.png
https://yzhouas.github.io/MHIP/All_box/51_Ours.png,https://yzhouas.github.io/MHIP/All_box/51_DVI.png
https://yzhouas.github.io/MHIP/All_box/68_Ours.png,https://yzhouas.github.io/MHIP/All_box/68_ProFill.png
https://yzhouas.github.io/MHIP/All_box/12_Ours.png,https://yzhouas.github.io/MHIP/All_box/12_APAP.png
https://yzhouas.github.io/MHIP/All_box/53_OPN.png,https://yzhouas.github.io/MHIP/All_box/53_Ours.png
https://yzhouas.github.io/MHIP/All_box/32_Ours.png,https://yzhouas.github.io/MHIP/All_box/32_ProFill.png
https://yzhouas.github.io/MHIP/Check/8_HR.png,https://yzhouas.github.io/MHIP/Check/8_LR.png
https://yzhouas.github.io/MHIP/All_box/50_Ours.png,https://yzhouas.github.io/MHIP/All_box/50_DVI.png
https://yzhouas.github.io/MHIP/All_box/48_Ours.png,https://yzhouas.github.io/MHIP/All_box/48_DVI.png
https://yzhouas.github.io/MHIP/All_box/10_APAP.png,https://yzhouas.github.io/MHIP/All_box/10_Ours.png
https://yzhouas.github.io/MHIP/All_box/36_Ours.png,https://yzhouas.github.io/MHIP/All_box/36_ProFill.png
https://yzhouas.github.io/MHIP/All_box/45_ProFill.png,https://yzhouas.github.io/MHIP/All_box/45_Ours.png
https://yzhouas.github.io/MHIP/All_box/13_OPN.png,https://yzhouas.github.io/MHIP/All_box/13_Ours.png
https://yzhouas.github.io/MHIP/All_box/19_OPN.png,https://yzhouas.github.io/MHIP/All_box/19_Ours.png
https://yzhouas.github.io/MHIP/All_box/38_Ours.png,https://yzhouas.github.io/MHIP/All_box/38_OPN.png
https://yzhouas.github.io/MHIP/All_box/70_DVI.png,https://yzhouas.github.io/MHIP/All_box/70_Ours.png
https://yzhouas.github.io/MHIP/All_box/42_Ours.png,https://yzhouas.github.io/MHIP/All_box/42_DVI.png
https://yzhouas.github.io/MHIP/All_box/56_Ours.png,https://yzhouas.github.io/MHIP/All_box/56_ProFill.png
https://yzhouas.github.io/MHIP/All_box/50_APAP.png,https://yzhouas.github.io/MHIP/All_box/50_Ours.png
https://yzhouas.github.io/MHIP/All_box/68_APAP.png,https://yzhouas.github.io/MHIP/All_box/68_Ours.png
https://yzhouas.github.io/MHIP/All_box/1_Ours.png,https://yzhouas.github.io/MHIP/All_box/1_OPN.png
https://yzhouas.github.io/MHIP/All_box/76_DVI.png,https://yzhouas.github.io/MHIP/All_box/76_Ours.png
https://yzhouas.github.io/MHIP/All_box/9_Ours.png,https://yzhouas.github.io/MHIP/All_box/9_OPN.png
https://yzhouas.github.io/MHIP/All_box/59_DVI.png,https://yzhouas.github.io/MHIP/All_box/59_Ours.png
https://yzhouas.github.io/MHIP/All_box/16_Ours.png,https://yzhouas.github.io/MHIP/All_box/16_APAP.png
https://yzhouas.github.io/MHIP/All_box/31_Ours.png,https://yzhouas.github.io/MHIP/All_box/31_DVI.png